"title","class","list__title","list__url","list__logo","list__desc","child__title","child__list__title","child__list__url","child__list__logo","child__list__desc","child__url","child__logo","child__desc"
"常用推荐","linecons-star","Dribbble","https://dribbble.com/","assets/images/logos/dribbble.png","全球UI设计师作品分享平台。","","","","","","","",""
"","","Behance","https://behance.net/","assets/images/logos/behance.png","Adobe旗下的设计师交流平台，来自世界各地的设计师在这里分享自己的作品。","","","","","","","",""
"","","UI中国","http://www.ui.cn/","assets/images/logos/uicn.png","图形交互与界面设计交流、作品展示、学习平台。","","","","","","","",""
"","","站酷","http://www.zcool.com.cn/'","assets/images/logos/zcool.png","中国人气设计师互动平台","","","","","","","",""
"","","Pinterest","https://www.pinterest.com/'","assets/images/logos/pinterest.png","全球美图收藏采集站","","","","","","","",""
"社区资讯","linecons-doc","Dribbble","https://dribbble.com/","assets/images/logos/dribbble.png","全球UI设计师作品分享平台。","","","","","","","",""
"","","Dribbble","https://dribbble.com/","assets/images/logos/dribbble.png","全球UI设计师作品分享平台。","","","","","","","",""
"灵感采集","linecons-lightbulb","","","","","发现产品","Dribbble","https://dribbble.com/","assets/images/logos/dribbble.png","全球UI设计师作品分享平台。","","",""
"","","","","","","","Dribbble","https://dribbble.com/","assets/images/logos/dribbble.png","全球UI设计师作品分享平台。","","",""
"","","","","","","界面灵感","","","","","","",""
"","","","","","","网页灵感","","","","","https://dribbble.com/","assets/images/logos/dribbble.png","全球UI设计师作品分享平台。"
"","","","","","","动效设计","","","","","https://dribbble.com/","assets/images/logos/dribbble.png","全球UI设计师作品分享平台。"
"","","","","","","电商平台","","","","","https://dribbble.com/","assets/images/logos/dribbble.png","全球UI设计师作品分享平台。"
"素材资源","linecons-thumbs-up","","","","","","Dribbble","https://dribbble.com/","assets/images/logos/dribbble.png","全球UI设计师作品分享平台。","","",""
"","","","","","","","Dribbble","https://dribbble.com/","assets/images/logos/dribbble.png","全球UI设计师作品分享平台。","","",""
"常用工具","linecons-diamond","","","","","","Dribbble","https://dribbble.com/","assets/images/logos/dribbble.png","全球UI设计师作品分享平台。","","",""
"","","","","","","","Dribbble","https://dribbble.com/","assets/images/logos/dribbble.png","全球UI设计师作品分享平台。","","",""
"学习教程","linecons-pencil","","","","","","Dribbble","https://dribbble.com/","assets/images/logos/dribbble.png","全球UI设计师作品分享平台。","","",""
"","","","","","","","Dribbble","https://dribbble.com/","assets/images/logos/dribbble.png","全球UI设计师作品分享平台。","","",""
"UED团队","linecons-user","Dribbble","https://dribbble.com/","assets/images/logos/dribbble.png","全球UI设计师作品分享平台。","","","","","","","",""
"","","Dribbble","https://dribbble.com/","assets/images/logos/dribbble.png","全球UI设计师作品分享平台。","","","","","","","",""
